0,0.00056108,0.0006535,0,0,0,0.0022309,0,0,0,0.00024491,6.5569e-05,0.00022795,0.00011783,8.5875e-05,7.3688e-05,0,0.00027623,0.0042538,4.077e-05,0.0032968,0.00024112,0.0053761,9.4137e-05,0.0018923,0.0002484,0.001467,0.0014624,0.00039716,0.0010461,0.0022276,0.00088559,4.0512e-05,0.00048391,0.0082026,0.00043979,0.010147,0.001064,0.0078879,0.00035556,0.007639,0.00075323,0.0003922,0.0014831,0.0025938,0.0010443,0.00027045,0.00079932,0.0017221,6.9984e-05,0.0032988,0.0010002,0.0040354,0,0.0029598,6.1026e-05,0.0050371,0,0.99976,0.0059506
0,5.4126e-05,0,0,0,0,0.000357,0,0,0,5.6647e-05,0,0,5.482e-05,0.00032691,0,0,0,0.0011624,0,0.002243,0,0.003157,0,0.00027325,0,0.0010078,0.0011932,0.00046989,0.0007051,0.001723,0.00013718,5.7904e-05,5.7437e-05,0.0034749,0.0005282,0.0081835,0.00078796,0.0031813,0,0.0037574,0.00022851,0.00015116,0.0011996,0.0017291,0.00055583,0.00011181,0.0001196,0.00092545,0.00011538,0.0016017,0.00030776,0.0022358,0,0.0014711,0.0001241,0.0020306,0,0.99992,0.0022919
0,0.00017142,3.6568e-05,0,9.6975e-05,0,0.00063081,0,0,0,3.5839e-05,3.6366e-05,3.746e-05,0.00015331,0.0002384,0,0,0,0.00035543,4.919e-05,0.0010828,0,0.0019571,3.667e-05,0.0004763,0,0.00019053,0.0012056,0.00031742,0.00067252,0.00053334,6.4738e-05,3.2109e-05,0,0.0026794,7.615e-05,0.0043265,0.00040489,0.0025336,9.7739e-05,0.0021302,0,0.0001741,0.00054197,0.0013424,0.00043398,0,0.00016627,0.00022251,0,0.00069745,0.00045716,0.0012815,0,0.0012902,0,0.0013272,0,0.99997,0.0021843
0,0.00026203,0.00017989,0,0,0,0.00050552,0,0,0,0,0,0,0.00028415,0.00014034,0,0,0,0.00029299,0,0.0014395,0.0001951,0.0014891,6.0403e-05,4.4743e-05,0,0.00019593,0.001301,0.00020349,0.00044207,0.0010702,0.00013762,0,4.818e-05,0.0041582,0.00028649,0.0038204,0.0004061,0.003856,0,0.0026518,0,0.00032946,0.00079508,0.00095953,0.00034682,4.7244e-05,0.00050363,0.00035355,0,0.0013135,0.00033497,0.0014131,0,0.0012745,0,0.0014881,0,0.99996,0.0015551
0,0.00064885,0.00056703,5.3748e-05,0.00013347,0,0.0012207,0,0.00011091,6.7381e-05,0,0,6.0068e-05,0.00010395,0.00018659,0,0,0,0.0028578,0,0.0018142,3.7587e-05,0.0052455,0.00014988,0.00077941,5.5422e-05,0.0018528,0.00035416,0.00047763,0.0006971,0.0017448,0.00034704,6.8548e-05,0.00042214,0.0040059,6.6152e-05,0.006455,0.00099288,0.0084321,0,0.0027631,0.00034107,0.00010095,0.00077713,0.00076716,0.00086423,0.0001082,0,0.00035937,5.7221e-05,0.00077447,0.00026878,0.0045469,0,0.0011361,0.00011225,0.0027433,0,0.99988,0.0038434
0,0.00064837,0.00054098,0,5.8456e-05,6.9754e-05,0.0018762,0,0.00019166,0,0.00018309,0,0,0.00025816,0.00020226,0,0,0,0.0019303,0.00013012,0.0034911,0.00034315,0.0050558,0,0.0005503,0,0.0024967,0.001705,0.00079539,0.00069752,0.003826,0.00096002,0,0.00011897,0.0070671,0.00050975,0.0084222,0.0011236,0.0088036,7.1653e-05,0.00076047,0.00054964,0.00010949,0.0018648,0.0013728,0.00056963,6.6026e-05,4.7198e-05,0.00081188,0.00012796,0.0016031,0.00051496,0.0037612,0,0.00094256,0,0.0014139,5.7124e-05,0.99984,0.0043573
0,0.00082605,0.0013095,0,0.00015754,0,0.0018305,0,0.00034771,0,0.00025543,7.7892e-05,0,0.00026556,0.0002346,0,8.0555e-05,7.1991e-05,0.0039846,5.7473e-05,0.0045937,0.00018774,0.0070111,5.3713e-05,0.002664,6.0416e-05,0.0025882,0.001783,0.00076964,0.00072921,0.0032226,0.00035021,0,0.0003805,0.011771,0.00035502,0.013668,0.0011485,0.012722,0.00019214,0.0085418,0.0005979,0.00030764,0.0020943,0.0020977,0.00046386,0.00022194,0.00057658,0.0014918,0.00015306,0.0041437,0.00041554,0.0067044,0,0.0042952,0.00014391,0.0050003,0,0.99957,0.0077969
0,0.00035663,0.00088579,0,0,0,0.0014652,0,0.0001185,0,6.2737e-05,0,0,0.00041337,0.00016398,0,0,0,0.0041246,5.4435e-05,0.0039671,0.00010565,0.0060978,0,0.0024525,0,0.0015201,0.0011604,0.0004841,0.00064338,0.0017782,0.00025723,6.4928e-05,0.00026002,0.0095832,0.00059224,0.011496,0.0013219,0.010716,0.00026567,0.0097226,0.0006536,0.00047003,0.002671,0.0018472,0.00076128,0.00012471,0.00045999,0.0012522,3.7383e-05,0.0036497,0.00055081,0.0056361,0,0.0043014,0.00021457,0.0046268,0,0.99968,0.0046658
0,0.0010736,0.00070376,0,4.7968e-05,0,0.0013949,0,0.00013343,0,0.00015563,0,0,0.00045482,0.00043943,4.6828e-05,0,0.00030983,0.0047757,0.00016283,0.0040169,0.00018304,0.0092074,0,0.0026575,0,0.0023372,0.0019968,0.00041889,0.0011301,0.0033139,0.0004329,0.00059182,0.0004551,0.012955,0.00057908,0.015111,0.0018442,0.012994,0.0004533,0.0089169,0.00037063,0.00027116,0.0013865,0.0025517,0.00055923,0.00038022,0.00082223,0.001797,0.00015356,0.0036319,0.00046461,0.0085442,0,0.0039977,0.00031633,0.0052104,0,0.9995,0.0072694
0,0.00033355,0.0012859,0,0.00011348,0,0.0022282,0,0.00011459,0,0,0,0,0.00042562,0,0,0.00013783,0.00013709,0.0054011,0,0.0040763,0,0.0088179,0,0.0022386,0,0.0016862,0.0011236,0,0.00039077,0.0017161,0.00042731,0,0.00025314,0.011579,0,0.012867,0.00031811,0.011255,6.1161e-05,0.010957,0.00026678,0.00031077,0.0017628,0.0032001,0.00020976,0.00014231,0.0010323,0.0020304,0,0.0033031,0.0015723,0.0060821,0,0.0032994,0.00030138,0.0054366,0,0.99957,0.0073913
0,0.00090687,0.0012751,0,0,0,0.0019164,0,0,0,0.00013652,0,0,0.00038274,0.00038097,0,0,6.3792e-05,0.0028027,0,0.0027661,0.00018084,0.0065356,4.2482e-05,0.0020864,6.0156e-05,0.0016633,0.00083542,0.00013045,0.00077088,0.0016132,0.00048177,6.8798e-05,0.00020474,0.0089462,0.0005422,0.0103,0.0010091,0.010957,0.00019784,0.0076429,0.00053486,0.00023961,0.0015264,0.0019617,0.00065304,0.00021338,0.00057485,0.0011118,0.00015167,0.0025518,0.00047837,0.0056587,0,0.0035974,0.00038406,0.0041232,0,0.99971,0.0076059
0,0.00083309,0.00078382,0,5.0175e-05,4.8894e-05,0.0025769,0,0.00022736,0,7.9873e-05,0,0,0.00040733,0.00039528,0,0,0,0.0012562,5.9298e-05,0.0041863,0.0002751,0.0041265,0,0.001805,0,0.0008099,0.0011838,0.00079737,0.00066584,0.0017902,0.00034675,0,5.1119e-05,0.0077031,0.00085808,0.0064004,0.00081909,0.0098686,0,0.0029851,0.00016868,0.00028936,0.0013867,0.0012315,0.00016124,0.00010774,6.0908e-05,0.00016786,0.00012625,0.0025838,0.00050455,0.0035263,0,0.0024271,0,0.0020383,0,0.99983,0.006448
0,0.00044845,0.00082808,0,0.00012482,0,0.0014585,0,0.00023105,0,0.00010564,6.2832e-05,0.00011841,0.00048435,0.00031098,0,0,0,0.0035816,7.1322e-05,0.0025544,0.00010991,0.007327,0,0.00092034,5.8892e-05,0.0015181,0.00059676,0.00026981,0.001079,0.0020258,0.00019719,5.518e-05,0.00046291,0.0061246,0.0002924,0.0094479,0.0017335,0.010252,0.00027619,0.0051242,0.00031232,0.00022527,0.0016523,0.0017047,0.0005471,0.00021124,0.00031621,0.0012903,0.00017398,0.0017237,0.0010583,0.0059939,0,0.001586,0.00016366,0.0034105,0,0.99978,0.0063456
0,0.00066237,0.00076188,0,3.4128e-05,0,0.001829,0,0,0,0.00027465,0,7.2829e-05,0.0004059,0.00010273,0,0,6.8751e-05,0.0023333,0,0.002457,0.00019172,0.0034572,7.044e-05,0.0015174,6.3267e-05,0.00093822,0.0019298,0.00026854,0.00087198,0.0013216,0.00096444,0.00018826,0.0003859,0.0098021,0.0005209,0.0085087,0.00081471,0.0058486,0.00022045,0.0049415,0.00071488,0.00044169,0.0011816,0.0020982,0.00041195,0.00025454,0.0010159,0.00087665,0.00023093,0.0023114,0.0015048,0.0024919,0,0.0019515,0.00057452,0.0030149,0,0.99983,0.0058956
0,0.00054081,0.00070488,0,4.8815e-05,0,0.0009158,0,0.00010027,0,0,0,0.00014549,5.5146e-05,0.00019278,0,0,0,0.00305,0,0.0047367,0.0001361,0.0065128,0,0.0017736,0,0.0019613,0.00078485,0.0012832,0.00056764,0.0035764,0.00047003,5.6149e-05,0.00012053,0.0082756,0.00083095,0.010322,0.00063009,0.012045,3.3109e-05,0.0050069,6.0159e-05,0.00033511,0.0015835,0.00094193,0.00062622,0.00023209,0.00033137,0.00068149,0,0.0032651,0.00029785,0.0063483,0,0.0026522,5.665e-05,0.0039248,0,0.99972,0.0065868
0,0.00038788,0.00094689,0,0.00030306,0,0.001227,0,0,0,0.00012485,0,0,0.00015463,0.00018207,7.1597e-05,0,0.00014465,0.0018514,0.00027024,0.0049779,0.00035806,0.0057133,8.1128e-05,0.0028941,5.7783e-05,0.0010294,0.0019092,0.00078427,0.00038642,0.0020071,0.00062863,8.998e-05,3.4364e-05,0.010593,0.00061898,0.0086024,0.00075197,0.012869,0.0001179,0.0041191,0,0.00025617,0.0013497,0.001125,0.00042103,0.00011729,0.00027127,0.00049221,4.7375e-05,0.0035838,0.00027539,0.0058416,0,0.0040313,0.00027848,0.0035481,0,0.99971,0.0062168
0,0.001115,0.00088079,0,5.9051e-05,0,0.0014065,0,7.0976e-05,0,0.00032179,4.0442e-05,0.00012536,7.3392e-05,0.00027876,0,7.9989e-05,4.0377e-05,0.003248,0.00010831,0.004351,0.00041049,0.0054676,7.7112e-05,0.0022945,0.00013633,0.0017985,0.0013521,0.00070833,0.0010137,0.0030132,0.00084807,0.00012018,0.00017424,0.0083928,0.00088723,0.0091926,0.000877,0.011437,6.8568e-05,0.0068705,0.00024443,0.00078362,0.0016696,0.00185,0.00058592,0.00019163,0.00052036,0.0011093,0.00021577,0.0037394,0.00068908,0.0054618,0,0.0038851,0.00041051,0.0049704,0,0.99972,0.0064932
0,0.00066091,0.00048009,0,0,5.9552e-05,0.00097521,0,4.3137e-05,0,0.00015323,0,7.2581e-05,0.00028299,7.5084e-05,7.8914e-05,0,5.2722e-05,0.0026525,0,0.0033083,9.1703e-05,0.0066808,0.00014812,0.0011531,5.6906e-05,0.0010583,0.00054305,0.00021977,0.00099041,0.001627,6.9362e-05,0,0.00011414,0.0079007,0.00043979,0.0086103,0.00094533,0.010865,5.3963e-05,0.0036035,0.00051646,0.000123,0.0013407,0.00074853,0.00028835,0.00020478,0.00042178,0.00054525,0,0.0017499,0.00038189,0.0054814,0,0.0016456,0.00017721,0.0028954,0,0.9998,0.003756
0,0.00032448,0.00031261,0,0,0,0.0010127,0,0.00011112,0,0,0,0,0.00032891,6.3409e-05,6.4092e-05,0,0,0.0019428,6.9591e-05,0.0015262,0.00015984,0.0049118,0.00012715,0.00090882,0,0.0016129,0.00068964,0.00014885,0,0.0012459,0.0003167,0,0,0.0036252,0.00021238,0.0063852,0.00067031,0.0086728,0,0.0018371,5.4644e-05,3.8143e-05,0.00077817,0.00081905,0.00019552,6.5743e-05,0.00016285,0.00059189,0,0.00098674,0.00019702,0.0039138,0,0.0011337,0,0.0019827,0,0.9999,0.0032603
0,0.00025981,0.00063638,0,9.1072e-05,0,0.0014034,0,5.1826e-05,0,0.00013463,0,0,0.00022129,0.00057093,0,0,7.3299e-05,0.0031146,0.00018325,0.0034105,0.00012995,0.0059568,0,0.0016928,0.00025828,0.0014152,0.0015025,0.00060809,0.00073364,0.001865,0.00071708,0.00014442,6.0796e-05,0.0065525,0.00056502,0.0090936,0.0012029,0.011195,0.00027746,0.0032723,0.00083372,0.00026033,0.0009948,0.0017382,0.00071997,0.00013812,0.00045661,0.00057616,0.0001147,0.0014447,0.00043555,0.0037203,0,0.001578,8.4684e-05,0.0024659,0,0.99981,0.0032922
0,0.0015748,0.00061221,0,5.7571e-05,0,0.0014601,0,4.9931e-05,0,0.00011498,0,8.3276e-05,0.00022124,0.00030782,4.0182e-05,0,0.00022039,0.0037315,7.753e-05,0.002875,0.00020867,0.0065603,0.00015295,0.0020963,0.00031897,0.0026457,0.0021043,0.00037058,0.00087236,0.0050544,0.0014573,0.00037962,0.00081056,0.013179,0.00057462,0.0060638,0.0013817,0.011495,0.00024455,0.0077255,0.00050435,0.00056547,0.0019635,0.0021904,0.0014226,0.00026934,0.0015497,0.0016352,0.00059295,0.0033513,0.00049418,0.0044773,0,0.0037121,0.00020917,0.0054014,0,0.99967,0.0074465
0,0.00048704,0.00091934,0,0,0,0.0015106,0,0.00015721,0,0.00035226,7.6885e-05,3.6044e-05,0.00067286,0.00020817,0,0,7.4414e-05,0.0010757,0,0.0011279,0.00022193,0.002905,0,0.00028639,0,0.001507,0.0008754,0.00055387,0.00087287,0.0014016,0.0001394,0,0.00049542,0.007197,0.00031899,0.0070364,0.0013726,0.0038482,0.00020311,0.0037516,0.00019675,0.00020614,0.0018203,0.0022164,0.00054963,0.00036277,0.0010747,0.0012009,0,0.0016307,0.00021993,0.0025836,0,0.0018693,0.0002187,0.0025108,0,0.9999,0.0038122
0,0.00042236,0.00032953,0,0,0,0.0012149,0,6.5406e-05,0,0,0,0,0.00026497,0.00056468,6.2778e-05,0,0,0.0010611,0,0.0018737,0.00014579,0.0026429,6.9165e-05,0.00045542,0,0.0005681,0.00081686,0.00068812,0.00047197,0.00086444,0.00013851,0,6.0881e-05,0.0049076,0.0004134,0.0095354,0.00063125,0.0047249,6.3316e-05,0.0032527,0.00011325,0.00038066,0.001295,0.0023071,0.0004992,0,0.0002827,0.00068352,0.00022656,0.001343,0.00033858,0.0021317,0,0.001411,0,0.0021875,0,0.9999,0.0027348
0,0.00041983,0.00011558,0,0.00010616,0,0.0009323,0,6.3921e-05,0,5.2343e-05,6.5137e-05,6.3234e-05,9.2346e-05,0.00027564,0,0,6.519e-05,0.00050806,0.00023238,0.0019971,3.9874e-05,0.0026037,0.00010722,0.00028043,0,0.0006441,0.0015971,0.00052245,0.00024843,0.0011695,9.1339e-05,5.4254e-05,0,0.0073093,0.00057069,0.0073263,0.00088852,0.0031066,0,0.0021511,0,0.00027734,0.00099228,0.0016178,0.00052177,0,0.00029148,0.00062169,8.8724e-05,0.0012787,0.00044072,0.001957,0,0.0013348,5.4805e-05,0.0015808,0,0.99992,0.0023711
0,0.00053129,0.00016464,0,0,0,0.0012293,0,0,0,0.00011422,0,7.5263e-05,0.00038188,0.00045154,0,0,0,0.0024304,7.0934e-05,0.0047376,0.00020417,0.0038565,0.00014927,0.001647,0,0.0013538,0.0018654,0.00068278,0.00037416,0.0030415,0.00056558,0,5.7759e-05,0.0087651,0.00072255,0.0093458,0.0007601,0.0082801,0.00010957,0.0060219,0.00060298,0.00056879,0.0023185,0.0012111,0.00048723,5.6956e-05,0.00051624,0.00071359,0.0002032,0.0036866,0.00061779,0.0034718,0,0.003061,5.7993e-05,0.0039638,7.0246e-05,0.99979,0.0042245
0,0.00028403,0.00044699,0,8.2434e-05,4.3374e-05,0.0014015,0,0,0,0,0,0,0.00069468,0.00019792,0,0,0,0.0029508,8.1464e-05,0.0033935,4.6826e-05,0.0047471,4.985e-05,0.0011098,7.896e-05,0.0022407,0.0020063,0.0005248,0.00033617,0.0016971,0.00094782,0.00012247,0.00035317,0.012548,0.00078503,0.0083319,0.0012428,0.011663,0.00017849,0.0058574,0.00030478,0.00058666,0.0020633,0.0024081,0.00061743,5.2958e-05,0.00096909,0.0014944,0,0.0030917,0.00065794,0.0035237,6.2725e-05,0.0034488,0.0001087,0.0042469,0,0.99972,0.005607
0,0.00067504,0.00075095,0,0,0,0.001809,0,7.5373e-05,0,0.00012516,0,0,0,0.00061779,0,0,0,0.0042108,7.1805e-05,0.004982,0.00032278,0.0064693,0,0.0018943,0,0.001209,0.0022009,0.00043361,0.0007058,0.0034658,0.00051773,0,0.00013504,0.016105,0.00071535,0.011494,0.0012691,0.014499,3.9329e-05,0.0069767,0.00034157,0.00038762,0.0014105,0.0021298,0.00090868,0,8.9641e-05,0.00060612,0,0.0044444,0.0012127,0.0066268,0,0.004112,0.00036576,0.0057305,0,0.99953,0.0066261
0,4.8503e-05,0.00015564,0,0,0,0.0012938,0,0,0,0,0,0,0,0,0,0,0,0.0011204,0,0.0031331,0,0.003671,0,0.00060818,0,0.00074042,0.00077592,0.00025128,0,0.0005981,0.00029374,0,0,0.0061019,4.7197e-05,0.0066827,0,0.0036807,0,0.0033162,0,9.8368e-05,0.0022466,0.0026084,0.00015483,9.5515e-05,0.00062983,0.00097905,0,0.0013011,0.00097946,0.0016321,0,0.0014196,0.00016895,0.0013086,0,0.99992,0.0031309
1,0.00011942,0.00027553,0,0,0,0.00068855,0,0,0,0.00028828,0,0,0.00038796,0.00055108,0,0,5.4036e-05,0.0023771,0.00012629,0.002327,0.00028824,0.0042256,0.00013307,0.00029938,0.00026731,0.0012187,0.0017692,0.00034602,0.00089296,0.0027451,9.9049e-05,0,0.00052704,0.00227,0.00062362,0.0062219,0.0019084,0.0026216,4.5228e-05,0.0050062,0.00097252,0.00021188,0.00078643,0.002038,0.00023419,0.00014633,0.00068755,0.001517,5.5085e-05,0.0015266,0.00036849,0.0023834,0,0.00050566,0.00015215,0.0019229,0,0.99993,0.00087466
1,0.0010032,0.0012934,0,6.8742e-05,0,0.001221,0,6.6885e-05,0,0.00052757,0,0,0.00049098,0.00036014,0,0.00011975,0.00042768,0.0029778,0.00020906,0.0027696,0.00015648,0.0046799,0.0001174,0.0028933,0.00016009,0.0043579,0.0014032,0.00058194,0.0016673,0.004182,0.0028449,0.00042683,0.00050193,0.012704,0.00059032,0.0097478,0.0012909,0.013902,0.00053473,0.006488,0.00068591,6.0962e-05,0.0011251,0.0022069,0.00065112,0.00028369,0.0016121,0.0014014,0.00071269,0.0028334,0.00080732,0.0034443,0,0.003224,0.00054778,0.0032942,0,0.99967,0.0037769
1,0.00011113,0,0,0,0,6.3385e-05,0,0,0,0,0,0,6.3035e-05,5.6666e-05,0,0,0,0.0012673,5.27e-05,0.0009599,0.00010238,0.0024693,3.6914e-05,0,0,0.0015931,0.00056712,0.00038709,0.00084853,0.0030122,0,0,9.7547e-05,0.003207,0.00056763,0.0038928,0.00082103,0.0029536,0,0.00029916,0.00016906,5.3901e-05,0.00061707,0.00076102,0.00023878,0,0.00012379,0.00023747,0.00015878,0.00059817,0.00016814,0.0014804,0,0.00010213,0,0.00091424,0,0.99997,6.2799e-05
1,0.00010129,0.0002943,0,0,0,0.00011323,0,9.0914e-05,0,0,0,0,0,5.2651e-05,0,0,8.6609e-05,0.00060562,0,0.00037738,0,0.00097678,0,0.00013183,0,0.0013749,0,5.3902e-05,0,0.0016715,0.00013859,4.3827e-05,0,0.0018169,0.00010859,0.00046303,0.0002073,0.0014528,4.2749e-05,0.0004453,0.0001328,5.3263e-05,0.00023681,0.00030717,5.7295e-05,0,0.00035153,0.00036463,0,0.00030044,5.2078e-05,0.0006285,0,0.00038709,9.0555e-05,0.00070733,0,0.99999,0.00081721
1,5.6591e-05,0.00017797,0,0,0,0.00031178,0,0,0,0,0,0,0,4.3995e-05,0,0,5.5523e-05,0,0,4.3501e-05,0,0.00021384,3.9566e-05,7.9429e-05,0,5.5365e-05,9.8813e-05,0,4.3784e-05,0.00012866,0,0,0,0.00063637,0,0.00038777,4.1234e-05,0.00052506,7.6265e-05,0.00022569,0,0,9.5274e-05,0.00033562,4.1326e-05,0,8.3608e-05,5.5714e-05,0,0.00035387,4.2433e-05,0.00023515,0,0.00024025,0,0.00033053,0,1,0.00039678
1,0.00012774,0.00024479,0,0,0,0.00019415,0,0,0,0,0,0,4.3976e-05,0.00011871,0,0,5.7554e-05,0.00023433,0,0.00019158,0,0.00013379,0,0,4.0913e-05,0.00035217,0.00016145,0,0.00013217,0.00035475,0,0,0,0.00023308,0,8.6529e-05,0,0.00046236,0,0.00017057,0,0,0.00014039,4.5063e-05,0,8.2141e-05,4.7435e-05,0.00014062,8.2886e-05,0.00013306,4.3166e-05,0.00018217,0,0.00019429,0,9.6629e-05,0,1,0.00048297
1,9.5902e-05,0.00080313,0,0,0,0.00092629,0,4.8205e-05,0,0.00023875,0,5.5967e-05,0.00020954,4.5212e-05,0,0,9.7619e-05,0.00040092,5.1953e-05,0.00040303,0,0.000799,0,0.00040879,0,0.00097973,0.00023937,9.2462e-05,9.4646e-05,0.0012277,0.00046674,0,0,0.0024898,9.6336e-05,0.00062857,0.00023039,0.0018905,0.0001126,0.00031509,8.2615e-05,5.2694e-05,0.00026954,0.00053446,0.00020083,4.3803e-05,0.00036589,0.00025791,0,0.0005126,8.5e-05,0.00054875,4.7109e-05,0.00053083,4.433e-05,0.00058577,0,0.99999,0.001459
1,0.00026759,0.00088545,0,0.00020885,0,0.00097678,0,0,0,0.00031235,0,4.0922e-05,0,0.00051943,0,4.9251e-05,5.6818e-05,0.0016896,0.00020513,0.0012221,0.00038116,0.0014124,0.00014415,0.0012495,3.9428e-05,0.0011188,0.00085933,0.00055603,0.00019459,0.00099962,0.0010396,0.00019368,0.00030469,0.0088758,0.0001431,0.0031663,0.00036634,0.0087086,9.5437e-05,0.0030823,0.0004561,0.00024777,0.00073789,0.0010544,0.00024765,0.00014908,0.00040469,0.00081556,0.0004077,0.0014989,0.00025849,0.0024189,0,0.0017769,0.00014617,0.0018598,0,0.99989,0.0034686
1,0.00060329,0.0010654,0,0.00012059,0,0.00092043,0,9.0042e-05,0,0.000254,0,0,0.00028611,0.0004274,0,5.4613e-05,9.666e-05,0.0017845,0.00027789,0.0012583,0,0.0012891,0.00010196,0.0011175,0,0.0015987,0.0021267,0.00039312,0.0002187,0.0019877,0.0012857,0.00031452,0.00017342,0.0086906,0.00030032,0.0029828,0.00043048,0.010293,0.0003936,0.0037438,0.00031425,0.00030083,0.00082746,0.0010422,0.00021089,4.2353e-05,0.00084783,0.00086801,0.00048415,0.0020929,3.9177e-05,0.0023878,8.791e-05,0.0020061,5.0838e-05,0.0023655,0,0.99987,0.0041242
1,0.00077458,0.0010725,0,0.00031164,0,0.0015128,0,5.786e-05,0,0.00028286,0,5.4941e-05,0.00026983,0.00034647,0,0,4.1369e-05,0.0021654,0,0.003114,0.00012111,0.0040632,5.9539e-05,0.0024272,4.2524e-05,0.0021618,0.003491,0.00055275,0.00078754,0.0025799,0.00091149,0.00027411,0.00023982,0.010093,0.00042404,0.0091456,0.0014123,0.0089982,0.00031833,0.0074821,0.00017969,0.00063356,0.001016,0.0019816,0.00079195,0.00034976,0.0011967,0.0012991,0.00021783,0.0036702,0.00033648,0.0039209,0,0.0034239,0.00011879,0.0036817,0,0.99975,0.0061117
1,0.00030269,0.00075943,0,0,0,0.00097557,0,0,0,0.00016475,0,0,0.00038961,0.00021912,0,0,0,0.0016323,0,0.0011183,0,0.0027223,0.00018839,0.00086534,8.7752e-05,0.0018365,0.00087216,0.00013017,0.00065179,0.0018371,0.00022469,0.00011515,0.00028203,0.0047391,0.00023207,0.0035718,0.00052236,0.0045472,0.00011661,0.0018644,0.00022699,0.00016588,0.0011122,0.0012236,0.00024507,8.575e-05,0.00045671,0.001283,9.7891e-05,0.0013027,0.00024413,0.0021639,0,0.0013557,0.00017125,0.0022587,0,0.99995,0.0024958
1,0.00021848,0.00035384,0,3.1915e-05,0,0.00048322,0,4.7159e-05,0,0,0,0.00013051,0,0.00015394,0,0,8.9366e-05,0.0004575,3.2365e-05,0.001111,0.00025024,0.002161,0,0.00029726,4.0812e-05,0.001308,0.00094534,0.00054577,0.00031379,0.0014841,9.2888e-05,4.2402e-05,8.204e-05,0.0016872,0.0001159,0.0027721,0.00087219,0.00093662,0.00026125,0.00075928,0.0002117,0,0.00033345,0.00078168,4.734e-05,4.1342e-05,0.0004153,0.00020129,0.00012617,0.00049282,0.00018991,0.0009058,0,0.00031545,0,0.00055571,0,0.99999,0.00078229
1,0.00015969,0.00031213,0,5.0064e-05,0,0.00055831,0,0.00011449,0,0,0,0,0.0001197,0.00015258,0,0,4.913e-05,0.00074318,4.9414e-05,0.0011021,0.00017042,0.0029359,0,0,4.3759e-05,0.0010831,0.0008768,0.00027569,0.00090484,0.0015822,5.6349e-05,0,0.00013137,0.0032716,0.00036599,0.0038095,0.00089534,0.0020054,5.0295e-05,0.0014418,0.00019892,0.00028039,0.0006342,0.0015497,0.0004688,9.7507e-05,0.00032783,0.00050427,5.3403e-05,0.00059623,0.00029198,0.0013195,5.5808e-05,0.00062414,0,0.0015561,0,0.99997,0.0013268
1,6.9375e-05,0.00018152,0,9.2893e-05,0,0.00040867,0,9.2063e-05,0,0,0,0,8.8472e-05,3.7617e-05,0,0,0.00010408,0.00015769,0,0.0011232,7.6051e-05,0.0016107,9.1234e-05,9.197e-05,9.2806e-05,0.0001419,0.00092946,0.00013797,0.0006929,0.0012373,4.0132e-05,0,0,0.0017572,0.00016025,0.0026981,0.0002759,0.0012596,0,0.0011546,0,0.00016338,0.00035961,0.0007824,0.00018916,0,0.00019823,0.00019734,0,0.00069076,7.789e-05,0.0010355,0,0.00069666,0,0.00072051,0,0.99999,0.00044238
1,0.00012143,3.2891e-05,0,0,0,0.00046265,0,0,0,0,0,0,0,0.00012064,0,0,0,7.9988e-05,0,0.00063599,4.7051e-05,0.0010783,4.82e-05,0,0,3.333e-05,0.00074765,0.00018246,0.00029266,0.0005078,0,0,0,0.0011407,0.00019458,0.0027135,0.00050766,0.00068543,0,0.00024814,0,0.00012068,0.00038578,0.00062431,0.00016411,0,4.9343e-05,0.0001604,0,0.00044498,0,0.00071237,0,0.00039737,3.2453e-05,0.00028731,0,0.99999,0.00037302
1,0.00023187,9.8835e-05,0,8.6509e-05,0,0.00014783,0,5.0515e-05,0,4.9118e-05,0,0,0.00031345,0,0,0,0,5.0835e-05,8.0825e-05,0.00053238,3.9401e-05,0.0011275,0,0.00018546,0,0.00018612,0.00051905,0.00011617,0.00017575,0.00081621,5.0269e-05,3.2066e-05,0,0.0015608,0.00014582,0.0029768,0.00040292,0.0011779,3.2998e-05,0.00092431,0,0.00012389,0.00022799,0.00032856,9.558e-05,3.2506e-05,0.00015041,0.00011955,0,0.00037638,0.00010746,0.00042768,0,0.00045491,0,0.00030803,0,0.99999,0.00042808
1,0.00016947,0.00037658,0,0.00010165,0,0.00065676,0,5.4256e-05,0,0,0,5.6715e-05,0.0002202,0.00011383,0,0,5.6272e-05,0.0004926,0.00010784,0.00041841,5.5804e-05,0.00099451,0.00011604,0.00028259,0,0.00082371,0.00016322,8.5896e-05,0,0.0013419,0.00042727,5.8992e-05,0,0.0028538,0.0001315,0.00065083,0.00058898,0.002147,5.3064e-05,0.00062726,0.00015665,0.00012874,0.00026382,0.00043968,0.00015615,5.8081e-05,0.00033795,0.00035344,0.00010002,0.00085409,0.00010534,0.0011447,5.2467e-05,0.00084541,5.366e-05,0.0010255,0,0.99999,0.0016403
1,0.00033995,6.4103e-05,0,0,0,0.00029777,0,0,0,0,0,0,3.6372e-05,0.00023161,0,0,0,0.0019491,0,0.0012466,0.00011839,0.0032993,6.5454e-05,0.000138,0,0.0023356,0.00081528,0.00027968,0.001417,0.0032207,0.00026555,0,0.00022739,0.0052372,0.00021768,0.0062795,0.001609,0.0040118,0,0.00095251,0.00055631,0.00017371,0.00047123,0.0017118,0.00042938,5.8116e-05,0.00060118,0.00065156,0.00011199,0.0011777,0,0.0019892,0,0.00085185,0,0.0022834,0,0.99993,0.00042198
1,0.00092417,0.00081109,0,0.00039216,0,0.0014044,0,5.9933e-05,0,0.00012057,0.00019661,0.00015724,0.0003424,8.659e-05,6.7712e-05,0,9.4612e-05,0.0029906,0.0001984,0.002923,0.00036385,0.0052194,6.8528e-05,0.0011355,0.00032667,0.0016446,0.0021437,0.00055191,0.0021213,0.0036117,0.0010142,0.00024761,0.000843,0.0065224,0.00081644,0.012855,0.0014611,0.005012,0.00032511,0.0075415,0.00099131,0.00095841,0.00159,0.0027279,0.00073,0.00035072,0.0011692,0.0016338,0.00038788,0.0030419,0.00061399,0.003564,0,0.0025254,0.00020968,0.0027443,0,0.99978,0.0040433
1,0.00064307,0.00075721,0,6.6792e-05,0,0.0010033,0,0.0001898,0,0.00030806,6.6551e-05,0,9.9819e-05,0.00048108,7.1812e-05,0,3.5337e-05,0.0020839,3.4342e-05,0.0033841,0.00030818,0.0048441,7.6448e-05,0.0011794,0.00011591,0.0021567,0.0017433,0.0010113,0.001007,0.0033289,0.0008415,0.00026829,0.00045527,0.0081383,0.0010351,0.010925,0.0014329,0.006981,0.00012681,0.0053521,0.00073816,0.00045293,0.0017774,0.0021987,0.00096891,0.00020803,0.00077706,0.0015705,0.00034077,0.0026305,0.0010008,0.0035002,0,0.0022774,0.00016623,0.0027748,0,0.99981,0.0028829
1,0.00025034,0.00034338,0,0.00012905,0,0.00075034,0,0,0,0.00015903,0,0,9.8872e-05,0.00028684,0,0,8.3196e-05,0.0015641,9.8512e-05,0.00088422,5.5688e-05,0.0018607,0.00016767,0.0008132,0,0.00087251,0.00081855,5.3075e-05,0.00097376,0.0020548,0.00030792,4.3728e-05,0.00040045,0.0043351,0.00028562,0.0046309,0.00068691,0.0036381,8.2828e-05,0.0028697,0.00034204,9.9791e-05,0.00031469,0.00071509,0.00033963,0.00018531,0.00022824,0.00063478,0.00027914,0.00086071,0.00028754,0.0014425,0,0.00081207,4.0597e-05,0.0011539,0,0.99996,0.001105
1,0.00039309,0.00017874,0,4.2794e-05,0,0.00039398,0,0.00011112,0,3.2299e-05,0,0,4.7258e-05,0.00010251,0,0,0,0.0014391,8.284e-05,0.0018064,0.00012175,0.0015026,0.00010034,0.00074357,4.4978e-05,0.0010278,0.00089517,0.00077895,0.00017923,0.0012878,0.00048752,0.00054452,0.00041051,0.0030809,0.00035158,0.0041841,0.00052824,0.0026499,0.00014533,0.0029296,0.00021514,0.00014402,0.00058954,0.00048198,0.00034814,8.32e-05,0.00019267,0.0006174,0.0001335,0.0012146,7.0039e-05,0.001177,7.5934e-05,0.0010257,6.8831e-05,0.0011524,0,0.99997,0.00070743
1,0.00025125,0.00013498,0,0.0003629,0,0.00012816,0,0.00018515,0,0,3.5245e-05,0,0.00010682,8.9271e-05,0,3.7621e-05,3.855e-05,0.00061571,0.00025481,0.00098498,0.00011441,0.0011513,0.00015308,0.00068243,0.00032017,9.0886e-05,0.00037875,0.00016662,0.00033654,0.00044364,0.00010959,9.8426e-05,0.00010678,0.002073,0.00026068,0.0034401,0.00039301,0.0020527,8.814e-05,0.0024954,3.8712e-05,0.00016979,0.00036501,0.0005707,0.00012992,0.00023604,0.0004168,0.00031641,9.6918e-05,0.0012366,0,0.0013105,0,0.0013138,0,0.0014688,0,0.99998,0.0010162
1,0.0003804,0.0008278,0,0.00013151,0,0.00097938,0,7.1192e-05,0,0.00032589,0,0.00010444,0.00036241,0.00031731,0,0,8.0336e-05,0.0013523,8.0413e-05,0.0020014,0.00048794,0.0030632,0,0.0013082,3.9329e-05,0.0014397,0.00296,0.00087549,0.00033731,0.0028445,0.0018671,0.00077416,0.0002507,0.006357,0.00065846,0.010152,0.0015194,0.00561,0.00079154,0.0046624,0.00055738,0.00048512,0.001165,0.0016525,0.00045287,0.00026811,0.00098237,0.00073778,0.00027208,0.0021853,0.00028313,0.002353,0,0.0021235,0.00012945,0.0018936,0,0.99986,0.0029205
1,0.00040056,0.00036092,0,0.00010305,0,0.00072774,0,5.1565e-05,0,9.5769e-05,3.5939e-05,0,0.00034523,0.00031301,0,0,0.00011845,0.0013035,0,0.0026206,9.5357e-05,0.0023394,6.5189e-05,0.00079966,0,0.0016031,0.0023805,0.00047695,0.0010194,0.0021218,0.00075155,0.00020873,0,0.0043923,0.0003303,0.0042571,0.001063,0.0027623,4.4122e-05,0.0026451,0.00023624,0.00010926,0.00095869,0.0014976,0.00031296,9.718e-05,0.00044362,0.00054078,0.00021417,0.0013144,0.0001411,0.0017347,0,0.0011763,0,0.0012873,0,0.99995,0.0016126
1,0.00013056,8.5923e-05,0,7.812e-05,0,0.00033746,0,3.3776e-05,0,0.00017252,0,0,9.033e-05,0.00016434,0,0,0,8.5086e-05,3.3338e-05,0.0011046,3.492e-05,0.0010474,3.4215e-05,0,0,0,0.00037057,8.2726e-05,0.00078211,0.00082033,0.00017081,0,0,0.0010285,0.00011802,0.0015403,0.00044707,0.00060741,0,0.00048271,0,8.581e-05,0.00041571,0.00052123,0.00015732,0,5.1908e-05,0.00014315,0,0.00044819,9.3972e-05,0.00056624,0,0.00053886,3.2952e-05,0.00048104,0,1,0.00045963
1,9.3494e-05,0.00026881,0,4.692e-05,0,0.00095699,0,8.9067e-05,0,0,0,0,0.0004584,0.00010608,0.00012398,0,0.00016157,0.0008294,8.5884e-05,0.0019914,0.00018582,0.0027294,0,0.00040576,0,0.0004291,0.0010885,0.00018995,0.00086817,0.0013971,0.00026699,0.00014452,0.00037946,0.0022117,0.00056089,0.0045999,0.00091062,0.0023338,0.0001009,0.0023177,0.00027117,0.0001878,0.0013765,0.0011107,0.00031109,3.6992e-05,0.00066985,0.0007346,0.00011996,0.0011294,0.00030123,0.0014465,0,0.0011882,4.1698e-05,0.0010934,0,0.99997,0.0010095
1,0.00014756,0.00078568,0,0,0,0.00097971,0,0,0,0.00020086,0,5.2025e-05,0.00018286,0.00024069,7.452e-05,0,0.00025523,0.0011871,0,0.0019077,0.00027498,0.0019021,0,0.00092898,9.8654e-05,0.0013834,0.001405,0.00039608,0.0015602,0.0029809,0.00086206,0.00017987,8.8112e-05,0.0040688,0.00090177,0.004974,0.00060446,0.0035004,0,0.0021305,0.0002752,0.0002578,0.0011295,0.0013381,0.00034809,0.00017792,0.00082339,0.0003574,0.00017997,0.0018429,0.00012963,0.0017756,0,0.0014851,0.00032419,0.0019915,0,0.99994,0.0031307
1,0.00039156,0.0004008,0,0,0,0.00089526,0,3.996e-05,0,9.6271e-05,0,0,0.00030147,0.00017301,0,0,0.00010978,0.00079474,7.5327e-05,0.0014195,0.00011148,0.0024318,0.0001693,0.0011901,0.0001928,0.00097248,0.0011976,0.00031929,0.0012663,0.0015452,0.00074041,3.9627e-05,0.00013057,0.0073357,0.00018535,0.0090595,0.00038107,0.0075197,0.00014662,0.0037765,0.00015943,0.00014635,0.00077934,0.00086751,0.00045971,0.0001157,0.00038062,0.00062125,0.00014575,0.0018943,0.00064144,0.0018358,0,0.0020529,0.00015819,0.001753,0,0.99987,0.0029902
1,0.00028476,0.00031005,0,0,0,0.0004537,0,5.8101e-05,0,0.00019517,5.1548e-05,0,0.00023928,6.1817e-05,0,0,7.0421e-05,0.0012722,3.543e-05,0.0014095,0.00012959,0.0021471,0,0.00083668,0,0.001156,0.0012279,0.00034981,4.6399e-05,0.0028645,0.00087487,0.00013425,0.00014058,0.0060263,0.00014533,0.0026147,0.00059911,0.0062184,9.0796e-05,0.0017891,0.00023951,8.3159e-05,0.00066196,0.00093385,0.00015568,0.00034731,0.00062548,0.00084518,0.00034827,0.0018094,0.00016978,0.0018119,0,0.0014487,0.00013802,0.0019478,5.3268e-05,0.99994,0.0024206
1,0,0.00017222,0,0,0,0.0010073,0,0,0,0.00010491,0,0,0.00043811,0.00022751,0,0,0,0.0011792,0.00014923,0.0016708,9.7017e-05,0.0024682,0,0.00026754,0,0.00133,0.0011199,0.00047806,0.00059979,0.0030075,0,0,9.38e-05,0.0037384,0.00011989,0.0070046,0.0005851,0.0028254,0,0.0015306,0.00024618,0.00016056,0.0012081,0.001453,0.00058805,0,0.00012291,0.00033643,0,0.0010864,0.00033131,0.0015218,0,0.00068091,5.3349e-05,0.0012396,0,0.99995,0.00070251
1,0.00068837,0.00065066,0,0,0,0.0013436,0,0,0,0.00045319,0,0,0.0004022,0.0006165,0,0,5.6596e-05,0.0022722,0.00016941,0.0031057,6.6326e-05,0.0038333,0,0.0012097,0,0.0023017,0.0023448,0.00097676,0.00093281,0.0034088,0.0013318,0.00020314,0.00025544,0.011416,0.00087889,0.010431,0.00084658,0.0085298,0.00016483,0.0063877,0.00044593,0.00051219,0.001839,0.0027094,0.00056912,0.00014204,0.0010861,0.001417,0.0001981,0.0029102,0.00056719,0.0036689,0,0.0026927,0,0.0036974,0,0.99976,0.0039772
1,0.00020141,0.00018001,0,6.5058e-05,0,0.00083362,0,0,0,0.00012087,0,0,0.00024736,0.00049961,0,0,0,0.00099826,0,0.0024238,7.0418e-05,0.0040984,0,0.00027278,0,0.00099155,0.0019496,0.00032413,0.0011719,0.0034746,0.00026045,0.00011043,0.00011432,0.0071057,0.00036955,0.0085843,0.0012125,0.0050899,5.3494e-05,0.0038508,0.00015732,0.00025406,0.001082,0.0024371,0.00039899,0.00016372,0.00044269,0.00068597,0,0.0022836,0.00046032,0.0032231,0,0.0016738,0,0.0018614,0,0.99988,0.0023251
1,0.00010035,0,0,0,0,9.3213e-05,0,0,0,0,0,8.1208e-05,0.00010906,5.5369e-05,0,0,0,0.00014945,0,0.00079619,0.00011341,0.0019444,5.295e-05,0.00010204,0,0.00059874,0.00075936,0.00045379,0.00016607,0.0010043,0.00010437,3.3161e-05,0,0.0020621,0.00010336,0.0034981,0.00082499,0.0018837,0,0.0014453,7.6049e-05,0.00011346,0.00021616,0.00064391,0.00043771,4.8375e-05,0.00017444,0.00017439,0.00010002,0.00047915,0.00011182,0.00077365,0,0.00079231,0,0.00076615,0,0.99998,0.00051785
1,0,0.00039049,0,0.00015304,0,0.00062012,0,0.00015106,0,4.4395e-05,4.7992e-05,0,5.6681e-05,0.00014311,0,0,0,0.0011066,0,0.00097199,8.8581e-05,0.0013916,4.9426e-05,0.00065553,0.00014197,0.0010405,0.00071998,0.00017851,0,0.0013623,0.00038197,0.00027074,0.0001345,0.0037279,0.00018643,0.0019949,0.00048642,0.0038505,4.209e-05,0.0025242,0.00027861,0.00014478,0.00031476,0.00066251,0.00015408,0.00012768,0.00047779,0.00035479,4.3733e-05,0.0012637,0.0001011,0.0010621,0,0.00080088,0,0.0013155,0,0.99997,0.0014473
1,4.333e-05,8.381e-05,0,4.1159e-05,0,0.00017344,0,0,0,4.2129e-05,0,0,0,4.2208e-05,0,0,0,0.00037295,0,0.00028152,8.7347e-05,0.00023405,0,0.00045503,0,0.00013687,0.00036643,0.00013914,0.00023541,0.00018959,0.00019128,0.000135,5.2952e-05,0.00063057,2.8746e-05,0.00019412,0.00013262,0.00056409,4.1628e-05,0.00017351,0,0,4.2228e-05,8.5724e-05,0,4.1126e-05,0.00012472,0.0001198,0,0.00014682,0,0.00019641,0,0.00033627,0,0.00027692,0,1,0.00025345
1,0.0001027,0.00018206,0,0,0,0.00042533,0,4.8957e-05,0,5.4499e-05,0,0,9.4788e-05,0.00011038,0,0,5.4034e-05,0.00038713,0,0.0016538,0.0001577,0.002496,0,0.00042501,0,0.00030088,0.0010652,0.00017163,0.00046052,0.002088,0.00042818,3.7427e-05,7.7229e-05,0.002968,0.00056617,0.0029517,0.00118,0.0024918,0.00010948,0.00086966,8.2691e-05,0.00016908,0.0010312,0.00094898,0.00036159,0.00012545,0.00031576,0.00028609,3.9303e-05,0.00080283,4.5447e-05,0.0013577,0,0.0008233,0.00012035,0.00080841,0,0.99998,0.00056738
1,0,0.00047525,0,0,0,0.00089262,0,0,0,3.1786e-05,0,0,5.174e-05,0.00011009,0,0,5.0643e-05,0.00043459,0.00010615,0.0010921,0.00013513,0.001615,0,0.0002783,0,0.00058372,0.0010298,0.00025699,0.00037123,0.0017446,0.00011042,5.4582e-05,0,0.0015273,0.00044094,0.003125,0.00073815,0.00090737,0,0.00022227,5.1171e-05,0.00012063,0.00040814,0.00053407,0.00021032,0,0.00013786,8.2235e-05,4.9967e-05,0.00047015,0.00018369,0.00086751,0,0.00016519,0,0.00026816,0,0.99999,0.00047067
1,0.00069451,0.00070305,0,0.00011994,0,0.00094592,0,6.3232e-05,0,0.0002658,0,0,0.00052626,0.00023996,6.6139e-05,0,0,0.0024468,0.00015344,0.0032024,0.00037671,0.0033027,0.00014206,0.0019607,0,0.0017272,0.0028409,0.00064204,0.00030771,0.0028328,0.0017842,0.00026585,0.00028594,0.0086743,0.00071042,0.0080605,0.0010601,0.0084292,0.0004543,0.0063549,0.00045513,0.00026066,0.001572,0.0019208,0.00075883,0.00034757,0.0010626,0.0012737,0.00037634,0.0031953,5.4114e-05,0.0023749,0,0.0020443,6.292e-05,0.0028056,4.5379e-05,0.99982,0.0035517
1,6.1373e-05,0.00064256,0,0,0,0.00098287,0,0,0,6.0821e-05,0,0,0,6.472e-05,0,0,5.9692e-05,0.00082176,0.00012402,0.00049085,0.00012724,0.0022626,0,0.00012971,0,0.0011667,0.00089928,0,0.00078537,0.0027231,0.00025023,0,8.9142e-05,0.0027355,4.7915e-05,0.0024451,0.00071984,0.0012975,0,0.0010829,4.7599e-05,4.7861e-05,0.0002816,0.0011219,0.00011948,0,0.00018955,0.00019682,0.0001869,0.00033953,0,0.0012675,0,0.00011766,0,0.00052641,0,0.99998,0.00094336
1,0.00010599,9.922e-05,0,9.4697e-05,0,0.00021362,0,0,0,0,0,0,6.2844e-05,0.00015832,0,0,0,0.001093,5.5511e-05,0.0014609,0.00011748,0.0022534,5.5909e-05,0.00029124,9.4239e-05,0.0011232,0.0010061,0.00026706,0.00030899,0.0020624,6.0155e-05,0,0.0004381,0.0024456,0.00026512,0.0021909,0.00056494,0.0030293,0,0.0011256,0.00026597,0.00025637,0.00066396,0.00055408,0.00026104,5.4614e-05,0.00018665,0.00060728,0,0.00085986,0.00013975,0.001256,0,0.00042493,0,0.0009851,0,0.99998,0.00063599
1,0.00022376,0.00056609,0,0.00014475,0,0.0012621,0,0,0,0.00016032,0,3.7374e-05,0.00038864,0.0001768,6.8834e-05,0,3.6525e-05,0.0024437,0.00014545,0.0034328,0.00010348,0.0042819,0.00011382,0.0010676,0.00019269,0.0022967,0.0015888,0.00034278,0.00083197,0.0040521,0.00050159,0.00013502,0.0004291,0.0040748,0.00071524,0.0083334,0.0014085,0.0043303,0.00028681,0.0031954,0.00046831,0.00026604,0.0012503,0.0018309,0.00052701,4.0699e-05,0.00055481,0.00093662,0.0001821,0.0014135,0.00069689,0.0018222,0,0.00039488,0.00040818,0.0016189,0,0.9999,0.0016179
1,0.00013455,7.1025e-05,0,3.6147e-05,0,0.00024424,0,5.3032e-05,0,0,7.0414e-05,0,0.0002054,0.00010597,0,0,0,0.0006765,0,0.00088161,0.00010939,0.0014104,0,0.00013887,0,0.00050672,0.00097071,0.000218,0.00054682,0.00091591,0.00012285,0,0.00018188,0.0023879,0.00014789,0.0032619,0.00026111,0.0022543,8.4652e-05,0.0013391,0.00014871,0.00023009,0.00049496,0.00050927,0.00029843,4.1399e-05,0.00024895,0.00069064,0.0001925,0.00054128,0.00026983,0.00095661,0,0.00085041,4.2474e-05,0.0010935,0,0.99998,0.00062304
1,0.00021794,0.00052239,0,0,0,0.00060325,0,0,0,0.00012058,0,4.2964e-05,0.0003444,0,0,0,0.00012799,0.00064574,9.3042e-05,0.0021651,5.5672e-05,0.001029,0.00012452,0.0013984,0,0.0010199,0.0021672,0.00048586,4.9155e-05,0.00053034,0.0018186,0.0002121,0,0.0065712,0.00037703,0.002436,0.00016763,0.0046115,0.00043076,0.00126,8.0645e-05,0.00019456,0.00097592,0.0007558,0.00038218,0.00015796,0.0010098,0.0006152,9.8062e-05,0.0015569,4.1862e-05,0.00095258,0,0.0015855,4.0544e-05,0.0011355,0,0.99995,0.0013469
1,4.3191e-05,0.00037005,0,3.8152e-05,0,0.00065958,0,4.0957e-05,0,0.00010171,0,0,0.00011753,0.0001086,0,0,4.2709e-05,0.00023566,0,0.00075433,5.3793e-05,0.00092273,0,0.0003171,0,0.00040882,0.001196,0.00031819,0.00021394,0.001119,0.0003791,0,4.221e-05,0.0039753,4.7781e-05,0.0019911,0.000328,0.0014595,3.9046e-05,0.00025645,0.00010768,5.4492e-05,0.00030981,0.00045948,0,0,0.00056035,0.00012706,4.5051e-05,0.0005488,5.3236e-05,0.00049501,0,0.00026376,4.3835e-05,0.00057211,0,0.99999,0.00074945
1,0.00053948,0.0011116,0,4.6786e-05,0,0.0020114,0,3.6477e-05,0,0.00049523,3.9325e-05,4.6623e-05,0.00019922,0.00021801,0,5.8378e-05,0.00023725,0.0024118,0.00021799,0.003489,0.00027221,0.0043822,0.00025009,0.0035616,4.2259e-05,0.0013483,0.0011368,0.00076253,0.00090944,0.0018063,0.0018521,0.0011091,0.00036279,0.0082076,0.00044969,0.0076805,0.00075435,0.0089057,0.00080247,0.0048549,0.00033846,0.00037352,0.0006615,0.00060951,0.00040859,0.00027243,0.00077749,0.00084969,0.00017992,0.0024081,0.00045313,0.0033484,0,0.0026637,0.00014424,0.0021396,0,0.99982,0.0048281
1,0.0010445,0.0011597,0,0.00029322,0,0.001366,0,0.00021576,0,0.00027726,0,5.2415e-05,0.00012973,0.00018966,0,0.00014625,0.00038535,0.0037162,7.8173e-05,0.0039276,5.1017e-05,0.0050228,0.00022807,0.0043661,0,0.0013742,0.00095019,0.00033126,0.00023477,0.0028393,0.0014687,0.00058066,0.00050323,0.0099557,0.00017007,0.0081659,0.00036074,0.012229,0.00028604,0.0057008,0.00044547,0.00027539,0.00027401,0.0003496,0.00036742,0.00010038,0.00025328,0.00053753,0.00013644,0.0035676,0,0.0041165,0,0.0031148,0.00010596,0.0028175,0,0.99975,0.0038484
1,0.00022114,0.00013028,0,0,0,0.00023825,0,9.3572e-05,0,0,0,0,0.00017993,0,0,0,0,0.00023373,0,0.000667,7.4953e-05,0.001338,0.00010547,0.00049574,0,0.00018077,0.0002076,0.00023132,0.00024736,0.001414,0.00046154,0.0001258,9.5747e-05,0.0018279,0.000132,0.0014597,0.00043831,0.00158,0,0.00073112,0.00019058,0.00013523,0.00012894,0.00058922,0.00010481,3.2151e-05,0.00055319,8.7486e-05,4.4684e-05,0.00045629,9.247e-05,0.00068204,0,0.0004667,4.7126e-05,0.00088717,0,0.99999,0.00057891
1,0.00033123,0.00070751,0,0,0,0.00076674,0,0.00017164,0,8.3178e-05,0,0,0.0003579,0,0,9.7503e-05,0.00013415,0.0014906,4.4558e-05,0.00056829,5.0396e-05,0.0019837,0.00018692,0.00056299,4.621e-05,0.0021891,0.00047171,0.00015119,0.00026936,0.0017542,0.00073003,0.00017076,9.4064e-05,0.0039624,4.1174e-05,0.0012343,0.00061248,0.0040614,0.00013,0.0011385,0.00023288,0.00024871,0.00053005,0.00073404,0.00015334,0.00012657,0.00048676,0.00081277,0.00022395,0.0011631,0.00028948,0.0017662,4.2948e-05,0.0011116,0.00013202,0.001946,0,0.99997,0.0020853
1,0.00040651,0.00034669,0,4.7551e-05,0,0.00040573,0,5.2256e-05,0,0.000101,0.00015856,0,3.9462e-05,0.00021983,0,0,4.7638e-05,0.000505,0,0.00036173,0.00010311,0.0011156,0,0.00029768,0,0.00077356,0.00056548,0.00024909,0.0001052,0.0012173,0.00020793,5.1015e-05,9.6557e-05,0.0018,9.8552e-05,0.001071,0.00056344,0.0010884,0,0.00064211,5.2536e-05,0.00011024,0.00023979,0.0005133,0.00031314,0,0.00015535,0.00040339,0.00010248,0.00031506,5.5526e-05,0.00063302,0,0.00036071,0,0.00048722,0,0.99999,0.0016035
1,0.00027883,0.00047852,0,0.000155,0,0.00040953,0,0.00010723,0,0.00015181,0,0,0.00037958,0.00023152,7.7636e-05,0,0,0.0006939,0.00010129,0.0020982,0.00020553,0.0037324,9.8919e-05,0.00049726,0,0.00076418,0.0010956,0.0004641,0.0010301,0.0020666,0.00040543,0,8.2741e-05,0.0032967,0.00035864,0.007614,0.0013343,0.0030725,0,0.00097113,5.1255e-05,0.00031843,0.0011518,0.0020499,0.00059444,0.00017337,0.0001762,0.00027705,0.00010533,0.0015674,0.00037158,0.0018803,0,0.001263,0.00010104,0.0010375,0,0.99994,0.0019807
1,0.00022196,0.0003667,0,8.559e-05,0,0.00068871,0,0.0001475,0,7.878e-05,0,3.1376e-05,0.00014829,0.00016679,0,0,0.00016726,0.0006409,3.6658e-05,0.00061061,0,0.0012479,9.7193e-05,0.00027396,9.5345e-05,0.0013011,0.00088829,0.00011518,0.00010833,0.0015944,0.00044124,0,0,0.0030349,0.00010365,0.00043156,0.00023234,0.0023715,3.4148e-05,0.00019554,4.4057e-05,8.7886e-05,0.00015525,0.00048029,4.7103e-05,0,0.00026663,0.00041859,0.00014146,0.00051117,0.0002666,0.0006513,0,0.00043731,0.00010411,0.00065412,0,0.99999,0.0011853
1,0.00016864,0.00036805,0,0,0,0.00012752,0,0.00011618,0,0,0,3.2797e-05,9.9786e-05,5.408e-05,0,0,0,0.00077992,3.2342e-05,0.00069687,0,0.0011007,0,0.00018806,5.5466e-05,0.00099589,0.00027379,0.0003426,0.00023617,0.0011748,0.00038916,5.7998e-05,5.7255e-05,0.0029658,4.4078e-05,0.001733,0.00048337,0.0026761,0.00014858,0.00049597,0.00016972,5.2438e-05,0.00030225,0.00053241,0.00027509,0.00011413,0.00033295,0.00023279,3.5075e-05,0.00078309,0,0.00077406,0,0.00065459,0,0.0012621,0,0.99999,0.00048861
1,0.00020144,0.00028588,0,0.00014496,0,0.00041384,0,3.8029e-05,0,0.00018889,0,5.0705e-05,5.0852e-05,0.00015437,0,0,0,0.0007872,0,0.00047395,0.00010671,0.0014249,0,0.00055846,4.6149e-05,0.00078552,0.00048571,0.00037443,0.00054104,0.001425,0.00028158,0.00020854,8.748e-05,0.0024016,5.8986e-05,0.0011928,0.00062533,0.0014618,0.00014054,0.0011374,0.00019039,6.0031e-05,0.0001336,0.00071099,0.00027716,0.00013725,0.0003416,0.00027133,4.438e-05,0.0004887,0.00015709,0.00052914,0,0.00054531,0.00023831,0.00046114,0,0.99999,0.0013401
1,0.00028437,0.00050417,0,5.5802e-05,0,0.0012454,0,7.9343e-05,0,6.0148e-05,0,0,0.00057202,0.00023715,5.7256e-05,0,8.8221e-05,0.0019955,0,0.0043944,0.00021561,0.0052217,8.4302e-05,0.0011612,0,0.0015366,0.0021471,0.00089111,0.00081591,0.0033365,0.00060524,0.00010015,0.00010699,0.0091387,0.00084383,0.010357,0.0010771,0.0083203,0.00024607,0.0055681,0.00041536,0.00025905,0.0019408,0.0018961,0.00071538,0.00010095,0.00030042,0.00070388,0.00010187,0.0030658,0.00091772,0.003768,0,0.0022128,5.6258e-05,0.0031618,0,0.99977,0.0061483
1,0.00050863,0.00035033,0,7.8496e-05,0,0.00096938,0,7.5291e-05,0,0.00018363,0,0,0.00023744,0.0004481,0,0,9.301e-05,0.0027365,0,0.0037095,0.00032047,0.0044511,7.7786e-05,0.0016378,9.448e-05,0.0017606,0.0020041,0.0013383,0.00023253,0.0026984,0.0012796,0.00020432,4.5885e-05,0.012329,0.00082612,0.011997,0.0011705,0.010942,0.00017539,0.0067844,0.00021907,0.00049618,0.0017499,0.00184,0.00043758,8.893e-05,0.00031891,0.00058179,0.00013463,0.003527,0.00024667,0.0035978,0,0.0027068,8.7022e-05,0.0038548,0,0.9997,0.0045066
